{
	"format_version": "1.8.0",
	"animations": {
		"move.fly": {
			"loop": true,
			"animation_length": 0.83333,
			"bones": {
				"right_wing": {
					"rotation": {
						"0.0": {
							"vector": [0, 0, 0]
						},
						"0.0833": {
							"vector": [4.50207, -22.12874, -18.82017]
						},
						"0.2083": {
							"vector": [9.00777, -31.84441, -28.09634]
						},
						"0.2917": {
							"vector": [4.50207, -22.12874, -18.82017]
						},
						"0.4167": {
							"vector": [0, 0, 0]
						},
						"0.5": {
							"vector": [4.50207, 22.12874, 18.82017]
						},
						"0.625": {
							"vector": [9.00777, 31.84441, 28.09634]
						},
						"0.7083": {
							"vector": [4.50207, 22.12874, 18.82017]
						},
						"0.8333": {
							"vector": [0, 0, 0]
						}
					}
				},
				"left_wing": {
					"rotation": {
						"0.0": {
							"vector": [0, 0, 0]
						},
						"0.0833": {
							"vector": [2.19925, 19.24591, 15.41771]
						},
						"0.2083": {
							"vector": [4.8724, 29.39157, 23.85658]
						},
						"0.2917": {
							"vector": [2.19925, 19.24591, 15.41771]
						},
						"0.4167": {
							"vector": [0, 0, 0]
						},
						"0.5": {
							"vector": [2.50207, -22.12874, -18.82017]
						},
						"0.625": {
							"vector": [5.00777, -31.84441, -28.09634]
						},
						"0.7083": {
							"vector": [2.50207, -22.12874, -18.82017]
						},
						"0.8333": {
							"vector": [0, 0, 0]
						}
					}
				}
			}
		}
	}
}